{
  "project_info": {
    "project_number": "420084790644",
    "project_id": "introtoappdev-week2",
    "storage_bucket": "introtoappdev-week2.appspot.com"
  },
  "client": [
    {
      "client_info": {
        "mobilesdk_app_id": "1:420084790644:android:cc5e2823343f3bca52a821",
        "android_client_info": {
          "package_name": "com.example.untitled1"
        }
      },
      "oauth_client": [
        {
          "client_id": "420084790644-k73f99lve7vq8q5jcarnrhb2p8kjip4d.apps.googleusercontent.com",
          "client_type": 3
        }
      ],
      "api_key": [
        {
          "current_key": "AIzaSyCTu-5GggHVuH-jZrklApYxFYl8BnP7myg"
        }
      ],
      "services": {
        "appinvite_service": {
          "other_platform_oauth_client": [
            {
              "client_id": "420084790644-k73f99lve7vq8q5jcarnrhb2p8kjip4d.apps.googleusercontent.com",
              "client_type": 3
            }
          ]
        }
      }
    }
  ],
  "configuration_version": "1"
}